id,prediction
0,10.388039851828577
1,17.855416918644874
2,7.919377978201942
3,14.662277912857462
4,19.114331438294517
5,12.705064447358058
6,20.30162483468992
7,23.038648221934746
8,17.83765750184839
9,16.09504055137227
10,15.418505744934578
11,19.2663838433486
12,11.626959835670649
13,7.23359044264984
14,16.33637178336246
15,22.267865458059863
16,21.572911934158846
17,11.396741219549558
18,23.31330041119256
19,16.984853168962438
20,20.869715471175347
21,16.92597131675189
22,22.131525442890204
23,22.774946881903354
24,20.982181733265705
25,29.531905568186776
26,19.426467443161606
27,15.419271231957689
28,21.924389128024334
29,15.989586993670635
30,21.955486301055124
31,16.400317785538753
32,18.8002356277105
33,18.758588542309873
34,26.021872300304405
35,26.162565427733412
36,19.494793724127582
37,26.561887379789514
38,27.779633573779677
39,16.130805595980924
40,18.129011524632638
41,25.340222660925303
42,25.656796365210674
43,25.74125327625441
44,17.862601576971155
45,17.774907733393484
46,25.1191734815863
47,14.246305033361047
48,23.996616475352806
49,20.828008431748753
50,16.159151108253997
51,23.27550749839452
52,24.760949009182642
53,23.53772762824478
54,18.65131807325646
55,16.718653299387334
56,23.347050007301775
57,25.640509055174086
58,18.39764547876712
59,20.500324519801396
60,22.180353991796363
61,23.092715904604663
62,23.53853399466471
63,17.324416895529055
64,22.173973623271813
65,25.02493476441843
66,15.76572033295499
67,17.826286144368964
68,16.621244155122298
69,13.718823700179623
70,12.36228335481664
71,12.987125919068431
72,9.092984753539744
73,9.84182790612892
74,9.929786175413565
75,4.64175315693266
76,6.168486218766257
77,8.60053017349979
78,9.097555110275371
79,8.193022493766897
80,3.8133557328607592
81,4.412992038399161
82,8.650615229355557
83,7.678692786269303
84,8.181434333171548
85,4.69430189578578
86,20.53345710480848
87,11.698950822424084
88,9.901283347223305
89,10.435120269374021
90,2.3840806636327616
91,14.033070036479694
92,11.323501207141915
93,16.576749807229103
94,18.36837393140148
95,12.833020332786417
96,15.037160347722457
97,14.3183963573767
98,20.33585414766524
99,18.372654918704203
100,4.0308396470043135
101,14.742591163529804
102,20.00398762395681
103,20.524956522274024
104,3.428761167661014
105,19.091733731339847
106,8.753171878576222
107,4.069272786629785
108,17.751847588250243
109,7.064820054743048
110,16.211894579015354
111,17.55030842424021
112,7.843012201928262
113,19.2493912700782
114,17.448286150531125
115,19.381438018128755
116,16.087588266354427
117,16.23250617239347
118,25.820245059372596
119,19.72234450526815
120,17.07760107379186
121,8.68419831573571
122,1.3890270567360958
123,4.338602296447138
124,14.387204122429589
125,20.913295255477163
126,14.400346924940719
127,15.709529565657695
128,3.109329445868851
129,2.9581795076870296
130,3.7252498766211986
131,4.613297035642166
132,8.14424872289125
133,19.436231333052106
134,19.674920140538056
135,2.2804743513261
136,11.272982500589226
137,16.775877202118103
138,24.42133132745411
139,5.2456903505766
140,9.147878438074502
141,5.8161933332627065
142,6.2229187780247495
143,19.314478426397443
144,14.64377020234829
145,9.631512440695415
146,1.6045382962875296
147,9.020978816428336
148,10.281084277191505
149,5.998340593359474
150,21.153750913612928
151,8.470042584616595
152,9.45730623631775
153,6.807212412243988
154,13.457013772460696
155,12.87475843380915
156,12.947712985472663
157,16.31486328726231
158,9.957785018100617
159,10.586045228633663
160,15.700359233700084
161,11.833225520070048
162,15.716572496511906
163,11.906545005329745
164,22.663107284112783
165,23.11239219371892
166,24.43847818255168
167,24.819318641669533
168,14.589125178174095
169,24.230882498933983
170,11.512189494923872
171,14.885916601335204
172,15.512345575504352
173,12.157518378910403
174,24.13964749950386
175,19.045793632818736
176,17.750463038379152
177,22.48531723606731
178,18.569175297797347
179,22.47512442545806
180,16.890395094234346
181,25.416870308487827
182,18.29111766997026
183,26.90993774004431
184,22.746112956056628
185,20.644209758686074
186,21.339562184161167
187,15.023494718619792
188,22.60862062825448
189,17.2061408890648
190,25.687143934095
191,12.03505353189625
192,19.432295138511968
193,25.109258462846842
194,15.137766477851498
195,21.771720442967368
196,19.14081871326443
197,10.269982989174192
198,5.395672024041324
199,13.6005149981242
200,23.488686349325395
201,16.486086016859932
202,24.094922239528323
203,21.798142541665886
204,21.963883117807423
205,15.374825589710932
206,19.984650188581814
207,17.16681992626847
208,20.892910172070927
209,13.174405405124835
210,17.228283731012922
211,12.031460226124965
212,20.19871852433424
213,25.784975481537334
214,23.439609624633757
215,23.701383834361444
216,20.915809942439306
217,18.348148363494587
218,25.830496756882777
219,19.26335278221542
220,16.66429894797716
221,8.790018585472753
222,20.228355880449875
223,18.727430583036664
224,19.850905183536735
225,20.02709154863231
226,17.990601042407892
227,13.150797674249322
228,24.595240119461888
229,17.326062985354174
230,21.883139849804017
231,21.08337478357752
232,22.3379039188772
233,21.058218390940276
234,17.96130525923377
235,24.68703900967143
236,24.94132719148179
237,26.954151417436087
238,23.026415424431182
239,21.23263274748589
240,15.07155981164555
241,3.0832952089091643
242,6.402983757498774
243,2.198884902122326
244,1.8796410840000488
245,6.5463404271651005
246,3.0343455638404024
247,15.295474020482228
248,5.8276835366755515
249,6.033600367384086
250,6.54117442411347
251,11.830069564068731
252,15.165921591319206
253,3.3656696790703293
254,4.627052576308327
255,21.47606917026031
256,16.601087276538475
257,4.817891045199479
258,20.74195676248376
259,16.757416467346832
260,20.104802217136697
261,21.81725050326197
262,17.416843747237582
263,23.482287628955653
264,23.557228226032237
265,2.9990411635111798
266,4.5023404714248265
267,6.7866550771810905
268,5.283640429471787
269,1.9348215103562652
270,5.750649991521734
271,5.618712638810421
272,4.748139063153591
273,3.3352530620555103
274,3.0739468324486934
275,5.8301732682757965
276,5.502916500706587
277,16.739870109592516
278,19.93366986341184
279,12.227505587122588
280,20.40260859578828
281,6.2122702480852094
282,5.914371854546177
283,5.08276323477388
284,2.558530699108796
285,10.135483463580867
286,3.337811437217529
287,7.941453488878074
288,2.832051663748524
289,6.568129423525544
290,4.621806394868325
291,10.146263820175509
292,9.162259490356188
293,10.089087239201048
294,7.527831028534276
295,7.703526329106813
296,5.22209152596558
297,5.266425783948613
298,6.201841311035561
299,3.533713855741685
300,5.527479686256542
301,6.752719025158572
302,4.442081174247834
303,3.5150429419142455
304,9.199809154784978
305,1.5595676472486655
306,5.133368669970901
307,5.458257805376137
308,9.010550148270632
309,7.306398556872942
310,12.719129021222821
311,4.609792322730878
312,8.285305793460813
313,3.0586388449010493
314,6.121867977347697
315,11.57304126949837
316,12.232897201766948
317,8.163615122393004
318,3.457375358251116
319,12.093995683850352
320,5.331794886816468
321,12.869221365657086
322,7.40813158873137
323,11.055088636578539
324,12.046703414250288
325,10.621567178983458
326,6.0990156151396
327,22.097328567639988
328,8.01091446681913
329,8.885810629133026
330,22.994970602108104
331,24.84585636147976
332,16.08495463266205
333,13.550655841591526
334,20.917571502008958
335,20.942678277686905
336,20.69066170491357
337,19.15195892227295
338,16.080861537419278
339,10.279124340713732
340,20.56991705540272
341,15.437205024443186
342,17.044674781280357
343,16.716125590763447
344,11.900236295770975
345,18.635436699058324
346,18.533241890424463
347,17.06685583518353
348,19.166910605710235
349,22.014100524674085
350,10.508516891498537
351,21.347006095691363
352,17.342301512777034
353,27.458309754282265
354,25.511788904229725
355,8.36059998172714
356,8.248647432120793
357,7.791266793958297
358,7.383351635246865
359,4.474248354569459
360,4.257408476237584
361,3.941621382672699
362,5.27387306145255
363,9.191859942787138
364,5.7288436933135864
365,10.461085390597727
366,4.998788900481337
367,14.992052473717372
368,2.8078464070773146
369,10.200434991935003
370,14.721161553917039
371,3.0837407731565687
372,12.136138752252958
373,17.671065789279684
374,23.71832663574127
375,28.51630274910254
376,20.160242192552193
377,16.860792942116817
378,14.882822386151236
379,19.750072750621595
380,13.072528925461336
381,18.67479650791215
382,21.875753735754333
383,11.890065861921718
384,8.395730015846986
385,11.05311813095549
386,9.772896575020843
387,9.456015356722558
388,9.841658758758983
389,12.809926283304778
390,9.685654994431399
391,7.8563735702520905
392,10.11695037897718
393,17.912678950479187
394,17.596025734533747
395,14.994317013727409
396,10.577186220014047
397,17.10877760230995
398,16.748148188555003
399,9.564145267304262
400,17.102974246592915
401,4.346583236507836
402,3.9154746598332455
403,7.567201505501713
404,14.935027467256365
405,9.85463542688511
406,16.994056989136922
407,22.383020942946818
408,21.0233613417274
409,6.5306451137987525
410,6.102197556296503
411,6.218525069444835
412,8.360085737633254
413,20.480729137175665
414,10.009126588641164
415,10.649588729043563
416,5.179115574281237
417,6.219328890665361
418,3.7720160394272857
419,9.83607932171381
420,10.803858863872568
421,12.888316616091444
422,7.38077919643107
423,17.205494824017816
424,4.414054560530779
425,4.031168445336905
426,21.156748896288246
427,20.583924687554926
428,12.040831204444421
429,6.302743373327482
430,20.701012086410365
431,1.4586449448620877
432,2.5362971480860015
433,15.865388822598375
434,17.28005152975067
435,12.089178551856103
436,19.491699868161838
437,7.129846415878251
438,20.304766445575826
439,8.872859603181666
440,11.843325431318533
441,6.016479323046495
442,15.622283876828767
443,13.052230214596669
444,15.303343637696075
445,7.421916673605252
446,15.491698040125014
447,14.92537487334064
448,14.309734558167076
449,8.726106133724723
450,25.51895350131981
451,6.695412168130385
452,9.697908039150029
453,19.687099738938493
454,20.296975846344196
455,17.03104573623707
456,9.849402873237553
457,13.027932259279606
458,15.23388166019411
459,28.40113117544378
460,15.061583709272316
461,20.946940005723683
462,20.287364372600223
463,10.97959427453316
464,15.054269739615593
465,8.63517592079375
466,16.888208885724325
467,20.552032486614493
468,5.717455424725068
469,4.4532703059771395
470,10.236880415552514
471,4.083100135241704
472,4.646539893199294
473,14.930097562726353
474,21.55396540412524
475,26.28585554976935
476,24.660417254614583
477,19.169536102343145
478,17.033100527937357
479,19.82336893389115
480,10.971127672919875
481,21.127209666292817
482,20.629969449137512
483,17.55128717568805
484,22.419805428958266
485,21.113805995399904
486,20.643521251074013
487,15.851272628040306
488,19.903187979548626
489,11.768540038577784
490,18.59356012726412
491,10.944870484135906
492,20.070134813890625
493,23.072948200193593
494,17.880599445719362
495,8.158773683130839
496,13.883654652725655
497,9.380503956230422
498,24.249057147845072
499,12.151325663050377
500,18.372799460651276
501,22.76138076804027
502,15.838355137564971
503,19.763230509112375
504,13.413285774877055
505,15.646009188174974
506,18.192080018620974
507,17.51203471757342
508,17.22727295212088
509,23.226591961700986
510,19.133184765087265
511,16.897051429205003
512,12.035209050768145
513,14.846093228146866
514,13.103990564879274
515,18.433074086450826
516,11.855124808529661
517,19.220169946953256
518,12.722564795244484
519,12.462125885544168
520,19.158229520563232
521,27.0377642876807
522,27.121574495842207
523,23.567463166979774
524,23.205143498413467
525,18.883844584533023
526,23.258274366131616
527,4.5219335832376535
528,10.322981178383603
529,21.006237108683997
530,4.225868300212521
531,5.105254734251197
532,4.233116920736882
533,16.71371922560785
534,15.30230772776089
535,5.098341332753336
536,4.057227059326843
537,11.66735474641677
538,4.2851621736630605
539,10.359509395488638
540,9.893357317783844
541,13.415137659085161
542,9.271450494764329
543,7.466678528860569
544,14.460997188637803
545,15.734267919074009
546,15.223153972889168
547,20.241220504747577
548,9.302855071034813
549,1.8835860159443663
550,6.348869814979273
551,9.335993282651113
552,10.3502642470365
553,18.66862148035902
554,2.663035153854941
555,2.8549242932401104
556,6.411631829130541
557,7.141195670630842
558,18.011052869551854
559,22.96646192539855
560,11.492315493779985
561,11.450328666397686
562,16.234929432222405
563,18.162798199006854
564,14.13663298787683
565,14.865037384820953
566,20.69934946960886
567,18.41488075064802
568,10.784333178652398
569,8.36448605084584
570,10.051976429830384
571,13.863789775443813
572,16.83742785998274
573,20.80204771694102
574,19.100973932306236
575,2.1650140556310795
576,7.613150754152439
577,3.7786450598054744
578,3.876486288910585
579,22.00432842886866
580,4.176694379867772
581,10.706516556815302
582,5.079563141788731
583,9.895872781576537
584,9.660114752590045
585,14.023749544030705
586,1.6721647655471323
587,4.999348184025316
588,6.088432419499742
589,5.899958766507732
590,22.013167541157614
591,13.944976285650098
592,22.49737721369016
593,15.472226847776607
594,11.888742593541727
595,15.473821816047677
596,11.728519194456668
597,16.911052448900666
598,7.8294409319003595
599,19.071481823097805
600,12.462556100797938
601,26.693379572511652
602,24.254058995138973
603,23.426800034671817
604,28.252758844988826
605,19.272689792040673
606,12.811741829804658
607,13.204929104448743
608,17.067671277379784
609,2.4966950386030007
610,5.005006636409236
611,12.285815120314014
612,6.191154481297634
613,3.415644691909468
614,0.6414510330972018
615,7.408224978827144
616,18.781534780289494
617,12.324859156834163
618,10.129783712061503
619,12.59086201607859
620,18.019495102209024
621,18.437646992665783
622,23.864318271687914
623,22.278384466474037
624,11.747324634974598
625,13.8160337872645
626,28.606718466073758
627,14.56113401539391
628,27.026048891716105
629,22.578790194517804
630,31.265082516780264
631,27.07261315422173
632,17.903391976554673
633,16.317190004415984
634,17.806447312894665
635,17.586102235262263
636,15.750005178330117
637,25.262610578492676
638,8.959004071207106
639,14.485338636739657
640,17.2896212338843
641,10.34942415675374
642,19.58848146006831
643,21.904788448095324
644,11.717244119729209
645,13.036793855033958
646,25.081055251054366
647,17.02193213540633
648,25.59095363807055
649,21.77250257271825
650,32.945192055279676
651,19.668871275995794
652,24.9497033411086
653,25.612057868370346
654,24.15852818298766
655,22.490798687323757
656,24.648231007540293
657,21.131433560537623
658,20.12922515333882
659,21.580548366057343
660,23.377362595760697
661,18.344578533548376
662,6.633470940103141
663,10.50456884723216
664,23.482595361970482
665,10.919508070333412
666,14.740168819899456
667,15.989081487824702
668,22.31063462157899
669,19.158859619016322
670,16.955960817566485
671,19.18357532670147
672,17.587072011728733
673,22.685361422929777
674,19.847161909597375
675,17.09665932572878
676,20.62191926923253
677,9.518430321679688
678,19.76191746696157
679,24.208339981686283
680,15.67407749641441
681,23.20867605094503
682,23.074765861885012
683,12.267757206426817
684,10.009001246440054
685,24.928696845166776
686,30.722764027945104
687,12.998413052514909
688,15.273661537598741
689,16.453850003406767
690,11.794177040735145
691,15.918493225706206
692,14.080024923611834
693,18.77747715678171
694,25.69427614087017
695,18.349951502143224
696,16.100384860199366
697,10.62416666368721
698,12.750126751818138
699,25.24379256696237
700,22.313475564774343
701,15.290706467901801
702,17.40499561293329
703,16.700434591258762
704,10.603858935699433
705,16.834555140730497
706,31.042514036521126
707,22.357847514392663
708,30.7767797710951
709,20.872101273377734
710,18.218210178726395
711,16.596197823320306
712,22.508007715324062
713,22.43433721276019
714,23.786348115797253
715,23.96881705101525
716,26.195915148607217
717,25.618353970772766
718,22.37204404937868
719,19.786710855251588
720,22.113971577656063
721,12.627796004362846
722,17.412322355359482
723,22.216025854427144
724,12.548376551086543
725,15.523286038428607
726,11.09283287414819
727,9.466805944115428
728,10.489427411313029
729,13.756130887118792
730,19.154033738637615
731,15.546570026625883
732,15.430614369105898
733,5.79393346803481
734,16.389690751057476
735,21.99714328378862
736,6.469815929231734
737,9.325982940344847
738,7.737242910113897
739,7.030160901600782
740,2.1270330138445988
741,5.747014851321584
742,23.23548727957667
743,17.964224240169212
744,12.613947166786517
745,7.189105075447838
746,20.131620670985992
747,8.400110332646008
748,8.661378601725364
749,8.6562603253286
750,14.088355781397269
751,7.360660346746938
752,9.27828528639333
753,10.929954316652433
754,7.518630061492971
755,16.205422649322742
756,14.35306689639452
757,15.446410271859898
758,9.222272976493075
759,8.29337488650913
760,7.6162172658233835
761,22.979113425462472
762,5.474718888515706
763,23.921571654410187
764,18.933070435159845
765,20.30666552429608
766,7.939795857761227
767,18.398026213648777
768,20.139552016557094
769,11.026759171273829
770,13.465671525960728
771,17.65574411882454
772,8.251592311754804
773,24.294300050463615
774,10.085234819483418
775,18.3087364118515
776,17.327280199147204
777,11.65146884111116
778,17.88119646965481
779,23.37829297675306
780,6.903657542308808
781,13.583998257639848
782,3.7152788971097035
783,6.707389780005212
784,5.617100668535447
785,1.4958014834749915
786,22.81626239868639
787,21.860826610095614
788,17.95086975900448
789,19.949221409894694
790,10.278021109034052
791,19.79812724576729
792,10.791926952469666
793,20.509906807398036
794,18.110758663508857
795,14.618234905632944
796,21.5126583965347
797,19.404390225253177
798,20.77726866205366
799,20.138326618953695
800,11.041308690740706
801,16.997472581004757
802,5.674091796141784
803,4.330808389011258
804,1.967715151510117
805,4.983439345531558
806,9.105248871798773
807,8.033103472897515
808,7.966630692683539
809,14.378522404636483
810,9.103822568549525
811,14.380241520368216
812,3.847985996234158
813,2.2811776991788597
814,14.852527067419196
815,18.625693623845486
816,5.238816150508946
817,4.795092056485084
818,14.83980286386943
819,6.415646456440427
820,10.91696825437383
821,14.371256503873491
822,14.081822348594455
823,8.7249673182489
824,15.52837452591556
825,22.101196828977045
826,6.834168893629297
827,11.224114728140876
828,19.853136182694
829,17.502383789266055
830,22.882958905167442
831,19.237549007512328
832,25.455436010895113
833,16.99998591246285
834,12.084079722412332
835,19.693953008047135
836,20.853716985614202
837,32.63274692934192
838,18.64939305548501
839,13.134444844912519
840,21.983909788254035
841,19.981182501004866
842,15.251420404750002
843,25.72021938092345
844,20.786552363075515
845,20.183278797750418
846,20.94175191692275
847,18.855279770839005
848,19.698734080019506
849,19.31071850706906
850,22.51993468925795
851,26.576760707049434
852,25.189571668797566
853,15.943877335750786
854,20.86650240843618
855,26.580427171529543
856,22.07586439813617
857,23.702495889668672
858,19.74927833463212
859,19.366397003697802
860,19.784528710178503
861,14.765277112621717
862,22.853261735438327
863,24.61891877753688
864,18.99395920315171
865,26.835360919313484
866,18.221497359782983
867,24.030549853301217
868,25.460603001355405
869,21.798750019530324
870,24.66995025135467
871,20.927847029269998
872,26.076360265235973
873,24.189703061640973
874,23.19694735441667
875,16.47825608920399
876,22.306454170255414
877,21.202285132460208
878,24.492606217983216
879,20.287002472179076
880,15.745758559726056
881,16.40081442420131
882,17.992893610705714
883,23.143873371847402
884,21.44037740360693
885,14.189435572039313
886,20.610301758313323
887,13.326449033495765
888,22.750675961896587
889,22.229349665528023
890,20.883979513846878
891,21.17495704288777
892,15.53301212193264
893,20.239870552726007
894,14.678866185387834
895,18.5882950604862
896,16.390740139406766
897,20.658271816567023
898,9.322666738663496
899,21.261551045067097
900,20.796647793916797
901,19.217565917046606
902,15.444064679692366
903,20.618631104456185
904,19.054048128078303
905,24.337126243339505
906,21.304792066196296
907,21.980712934955484
908,18.711546171102945
909,23.79844687738873
910,23.445312201134662
911,19.838200787354488
912,5.38926486589189
913,15.17310109922106
914,17.44569557192258
915,9.690022069983272
916,22.90468595760431
917,4.608250874095529
918,5.181506463539338
919,4.1705905429154635
920,6.320969184759683
921,4.230964906578576
922,3.247242041347299
923,4.295416214156645
924,2.3809549440337094
925,2.9022422614666223
926,4.722809656238915
927,6.319071991353051
928,4.495061698715047
929,5.1975187473689815
930,5.302033832677597
931,5.770951230352845
932,11.495895010015209
933,10.091275192441374
934,2.8125862888273208
935,3.5762413487877867
936,5.666869503826896
937,5.546790909473366
938,6.9815015578694934
939,4.408997587538344
940,3.913826696176061
941,3.2703438338946147
942,6.836977004489667
943,12.051313703709374
944,4.0163814214460265
945,2.3816488817195736
946,4.111427908705502
947,2.629933362952109
948,3.1458844488087996
949,1.8008538727009578
950,3.4358649289046004
951,3.904536833039476
952,3.2814328569649645
953,2.684725122038056
954,3.355433990712376
955,3.3020563071862914
956,3.8002544772136866
957,14.633797165371114
958,15.99526057451589
959,8.341815612309608
960,16.03578030900603
961,14.151397293252263
962,16.3535241619215
963,18.427297257024694
964,10.9461775990738
965,2.9239893462945585
966,2.2979858229490735
967,3.8248640653723562
968,3.0744182016998662
969,0.8480103098578212
970,2.643580652238668
971,3.446103256075861
972,3.2572797728860867
973,3.3973628911467704
974,1.688783914968789
975,4.393233270650019
976,3.7871287015011115
977,3.394534597618593
978,4.569528333026366
979,10.57886234686627
980,6.957910068826722
981,-2.282706536780421
982,9.184680726642126
983,13.228682667852478
984,15.346532719035443
985,9.178079503536871
986,5.298428173506586
987,4.592705802672731
988,4.693275547969391
989,2.172409477603307
990,4.705516790768294
991,3.2668639954841416
992,4.995243168731694
993,3.605233052429789
994,5.190837984905465
995,5.354222833815273
996,4.827831256270534
997,4.310160639342259
998,0.552931652818597
999,6.182657979399394
1000,4.619638120905886
1001,18.995547181319136
1002,17.620327553510116
1003,3.793882903376281
1004,4.1682364362129665
1005,3.6692546855467603
1006,6.4888229015111305
1007,4.702044442971606
1008,2.019522460444471
1009,4.340579916964755
1010,2.7674103087362245
1011,4.055527282264634
1012,4.383078707208039
1013,4.291601896385721
1014,3.906780101573384
1015,3.9048625995329584
1016,4.7557007561623825
1017,2.146330419015886
1018,3.807894359505331
1019,15.647084742286001
1020,8.90824335666501
1021,12.753818826307647
1022,6.078743894731622
1023,6.170003043885994
1024,5.799401806305849
1025,5.57963873665551
1026,6.552919508220348
1027,5.18387675387471
1028,5.5987024728022385
1029,5.472467505745989
1030,6.554723890532297
1031,5.029009060620863
1032,5.797315604699665
1033,4.678251186903467
1034,5.56709596605059
1035,5.697078839807421
1036,5.388326584748171
1037,4.245033970515692
1038,5.751818203094688
1039,13.05439090688894
1040,3.2117099617327756
1041,3.0593802772559084
1042,2.7058295965986874
1043,7.761704996802019
1044,15.362634658998036
1045,25.126855593893485
1046,13.38757505253182
1047,7.495424588762421
1048,12.003735322565174
1049,9.34311936533923
1050,13.124275105874451
1051,16.73659734043106
1052,16.508023716870962
1053,11.580146111630858
1054,12.759708274581305
1055,9.493623769881387
1056,8.876362592822446
1057,5.175041236171484
1058,4.341224285101691
1059,5.043764141737422
1060,2.672514432305413
1061,3.572315193417636
1062,4.779830937247634
1063,4.874887526653901
1064,3.1971114752949665
1065,3.7435012684169333
1066,2.896132248557436
1067,4.2035730826568205
1068,3.614631876995638
1069,3.0945743766507423
1070,3.9248841514607165
1071,4.607559116993592
1072,2.9742826512073735
1073,0.7469340740665921
1074,3.950245062551242
1075,2.7112522978662357
1076,3.456249458999526
1077,3.7939669600021753
1078,3.1245751076243025
1079,2.8006734576901655
1080,7.698678373264813
1081,8.728671442932525
1082,6.768714840981692
1083,4.619093017834254
1084,4.841236948735126
1085,4.836077480211888
1086,4.270179839458818
1087,2.628905250593346
1088,4.801377307826084
1089,4.0515885098724365
1090,4.2905892378866675
1091,5.305516782945556
1092,3.012110177224788
1093,4.316946686442761
1094,5.593019489428207
1095,2.7749816560786416
1096,5.059907261665914
1097,4.893188359526389
1098,4.642487514286655
1099,2.8874852596622502
1100,5.169716604398022
1101,3.365775994778564
1102,3.102858531807363
1103,2.3199598275849946
1104,3.306695811048102
1105,2.3903945531458133
1106,5.275862913217102
1107,3.744633670692224
1108,4.3028308384369085
1109,2.733059544964931
1110,4.492940148793025
1111,4.616795721141813
1112,3.9535071526660666
1113,4.737582117194779
1114,3.3509915876909178
1115,3.581822778957685
1116,5.569498576383419
1117,4.4995472326112935
1118,3.297175436271994
1119,4.847045825359453
1120,3.6679703255800056
1121,4.256055803755201
1122,19.658598032314117
1123,25.70053030325332
1124,16.169401518158082
1125,18.195941860212937
1126,22.601522420121402
1127,22.24372099085424
1128,14.655504348723708
1129,14.304156004600484
1130,16.485153826310373
1131,11.387340112362715
1132,14.993106150999953
1133,17.57390254937222
1134,15.559320941520104
1135,15.375591682998532
1136,7.701806231636716
1137,14.85281023639067
1138,6.452528412090746
1139,11.72949090060938
1140,10.659861920300632
1141,12.719983099317313
1142,6.4615091598287355
1143,1.071249756364929
1144,4.521238412409228
1145,6.061609956065905
1146,6.648994053583041
1147,4.178324607636663
1148,6.47955405110477
1149,7.823756868740005
1150,6.597611291001857
1151,5.923608694366133
1152,3.228385329532887
1153,9.881214483775477
1154,6.38046615918581
1155,10.67126041490111
1156,9.156290083278352
1157,9.404966554617909
1158,10.765343077335
1159,12.431758664208603
1160,7.834223698303725
1161,6.74118759925732
1162,11.08930929965109
1163,3.411569134631963
1164,4.251385355069238
1165,4.522626261359047
1166,2.247425332670891
1167,6.057619784812513
1168,9.355254652178102
1169,5.627899054680038
1170,6.773927219613012
1171,8.044511934262585
1172,8.184439184236927
1173,7.736342587737951
1174,7.345260147278614
1175,6.75272435482252
1176,5.567348935468146
1177,5.530472056929343
1178,5.117140245566936
1179,5.438864260265468
1180,7.995166691007437
1181,7.907184935317834
1182,6.578502673487316
1183,4.510166561412227
1184,10.77103003591502
1185,7.400969196118427
1186,7.831920091621452
1187,3.683142267758286
1188,7.800032696916316
1189,2.7136876906791936
1190,3.2419262885303155
1191,9.977956363685795
1192,11.988471131142083
1193,5.455586424648732
1194,7.776561108337923
1195,7.329403481028255
1196,11.508987202621842
1197,3.764054823903587
1198,6.405240744251452
1199,9.02331803776197
1200,10.40668393150877
1201,5.546506934789425
1202,7.318972051230767
1203,11.56280694131282
1204,7.832601496919367
1205,6.149019223373499
1206,7.4527447252219705
1207,5.904419134246952
1208,5.783708263554372
1209,6.746308908695676
1210,3.735554730843252
1211,2.4930621818068865
1212,5.859399015507581
1213,5.697717820840576
1214,5.6287677141562105
1215,5.242478397462286
1216,7.944749822181233
1217,9.532290090587226
1218,6.107831960499839
1219,6.442007059170732
1220,5.1157933095084545
1221,4.759267459578679
1222,9.441985159475905
1223,6.270531847899568
1224,4.902671945896275
1225,6.850890754913337
1226,10.140219569878838
1227,8.294257686849708
1228,5.046038856666127
1229,5.494502560025317
1230,4.014626809860826
1231,9.370290637445528
1232,5.007612741593942
1233,15.168867373357305
1234,6.450081583668864
1235,4.739092364794245
1236,9.804875542353495
1237,6.836046131811759
1238,3.013212444234034
1239,3.7933229005447786
1240,6.0565351406034855
1241,4.985958824839904
1242,3.4232280942944917
1243,3.58305453221519
1244,8.417870379357176
1245,4.825890602433197
1246,3.1081968188041844
1247,6.0260490898558485
1248,7.04083913870652
1249,7.648124906135482
1250,8.132080718224897
1251,7.406484091260931
1252,3.408202404119961
1253,1.1881675623394516
1254,5.064892805744763
1255,6.101551763697503
1256,3.5466198759394
1257,5.407568861305464
1258,5.783646842423801
1259,2.9619183188586136
1260,10.47762347671617
1261,10.67259832316664
1262,8.17862690091291
1263,9.47247174481316
1264,6.391827672024539
1265,6.546662982580104
1266,11.794749394699329
1267,3.4082882841421553
1268,5.504352075796864
1269,2.754161800502118
1270,4.731833786069186
1271,5.191905423243772
1272,6.923606314094517
1273,9.331538996632819
1274,4.317570676027717
1275,4.31849863730022
1276,6.51468779065332
1277,6.8506891490615525
1278,6.368974812014024
1279,6.020218403928656
1280,4.17512492820959
1281,5.991973440030465
1282,13.468315397147046
1283,10.25964888334504
1284,18.264004329850273
1285,5.9502461217122145
1286,6.096862066423442
1287,14.927293276303255
1288,6.940325964487175
1289,7.361206374766507
1290,7.1356839348511425
1291,8.24099754680056
1292,3.8672453544825633
1293,8.332530759638374
1294,8.98294062812303
1295,2.4916019196426458
1296,1.4452408892754007
1297,7.255916790633405
1298,7.657123861739245
1299,8.629600304989584
1300,10.065461093892903
1301,7.9119715232368755
1302,5.730206308368215
1303,7.220542383152511
1304,11.248421654069645
1305,13.764785742695027
1306,15.636278474727542
1307,3.814257784242767
1308,6.294938224817086
1309,5.655890887653279
1310,5.999373261477831
1311,6.474945669714616
1312,3.405970663396808
1313,4.814228715119432
1314,14.47114375746078
1315,13.400318741678573
1316,2.1421282838057
1317,7.330260346518189
1318,4.590824778482797
1319,7.041993882136531
1320,15.795262567496524
1321,7.492800063480003
1322,9.717366769355293
1323,5.091659941589332
1324,4.140683330579901
1325,9.959624089427212
1326,5.050813945970324
1327,9.279901307269004
1328,8.100614696357145
1329,8.216325630571049
1330,3.6686149671273087
1331,12.475771151559526
1332,6.902994147651574
1333,3.0126350918835296
1334,6.665912445513297
1335,4.1130497831079404
1336,4.96160149692834
1337,6.61122872043499
1338,9.825437099538245
1339,7.362093629201292
1340,8.232539524894593
1341,7.36307313108661
1342,6.077876912031345
1343,4.24145118769066
1344,3.881678014904991
1345,4.75526406892618
1346,1.8446097393114163
1347,9.321586758181786
1348,4.3229079388245815
1349,12.387270116295483
1350,18.095227188500473
1351,17.13061609372969
1352,19.92074657821403
1353,14.91763635565427
1354,11.57360556169097
1355,14.904277112567376
1356,6.228247695685326
1357,4.801849968204561
1358,4.4047132077415005
1359,6.3039728144008995
1360,6.23311447017958
1361,4.66383845892062
1362,5.6589056320831395
1363,3.5985570137432097
1364,5.592670283683794
1365,5.141522125753919
1366,5.200896718841281
1367,5.4338693795788435
1368,4.526920197011074
1369,7.561023670071135
1370,6.170976359884398
1371,5.054066141706262
1372,7.366065133021287
1373,6.515890808695198
1374,5.841820421368847
1375,5.416408033009062
1376,5.583288557368647
1377,5.916376581167077
1378,7.2314778846205465
1379,4.503585653232641
1380,10.338499022422997
1381,7.55199912720443
1382,8.579474276447726
1383,21.090316490141284
1384,9.698924065680464
1385,4.956729667049903
1386,7.955673374904942
1387,12.710931105482747
1388,21.630391638790535
1389,19.215951341679887
1390,12.778173565735393
1391,5.772808688766275
1392,6.875253469884614
1393,4.997726994699254
1394,4.984794620947022
1395,6.824756430653931
1396,7.61367972867809
1397,6.850218646774019
1398,6.052359164703958
1399,6.188455612827053
1400,7.8937913253907706
1401,5.718969179282674
1402,4.712222379953744
1403,7.2019775164759245
1404,4.944261593509075
1405,6.1770386475227435
1406,9.290193924763566
1407,9.518920450196918
1408,7.2241171688371
1409,5.2733017905760375
1410,5.193773879369589
1411,5.018891619316641
1412,0.6976858411632301
1413,4.237124233636331
1414,5.976726560071894
1415,6.864432187141759
1416,7.772885677321816
1417,8.674016883148271
1418,6.185507555057146
1419,4.193566132322165
1420,4.482547273705431
1421,7.678735951968197
1422,4.67601835259217
1423,4.3767990170638615
1424,7.053574441723582
1425,2.7656700014529343
1426,5.660736789876165
1427,3.3720198367578376
1428,9.297867827187742
1429,9.323306691496537
1430,7.076619428858843
1431,3.6882104759164736
1432,2.884499806383476
1433,1.7167628236354375
1434,5.9298951242085245
1435,17.26133622724703
1436,17.937388714043756
1437,17.672426532376043
1438,16.214974508624863
1439,8.88159097321211
1440,7.39325782486467
1441,17.0411476078848
1442,18.195882355361555
1443,14.134441854521745
1444,19.911780685745924
1445,18.089724078889077
1446,16.46005202065095
1447,10.969949214470951
1448,9.841687404583526
1449,13.218320542665634
1450,18.219437879133782
1451,13.00201729830637
1452,2.039346551013838
1453,0.8102910649382985
1454,2.614434646694103
1455,2.9476852223397656
1456,1.2154976798739419
1457,2.1112377019244515
1458,2.080080122029307
1459,1.4070128279699874
1460,1.2577033489947862
1461,2.2504476825551176
1462,2.6047950246363687
1463,6.9972226106158955
1464,6.231119158529479
1465,3.156426725776032
1466,2.3752971749862852
1467,2.7332990813309554
1468,2.053406646698565
1469,3.3384066618071317
1470,5.688898762023128
1471,5.949173872042198
1472,6.658463493152327
1473,9.561554846546276
1474,8.930016045979071
1475,5.943818130266301
1476,7.56707414200689
1477,7.610646953511358
1478,7.578069086831781
1479,5.957555144730363
1480,9.138406384660597
1481,8.952223578768418
1482,5.486585036910792
1483,10.473834171713179
1484,7.177800068547346
1485,12.257888967627387
1486,5.47807763457448
1487,10.521989820778042
1488,6.849506060011873
1489,5.248524748008395
1490,3.697389950669738
1491,4.9574277180289466
1492,4.118919283608591
1493,2.231207263312672
1494,2.279549027967022
1495,4.284105294144716
1496,3.335947963163054
1497,4.545853105220723
1498,4.20527134211097
1499,6.036167259278158
1500,6.2657981712410935
1501,4.816439479620719
1502,3.1683307640290304
1503,5.686399886323811
1504,1.7542276931260616
1505,1.803979739997946
1506,1.977715511883559
1507,3.374754260124085
1508,3.4871773588758113
1509,6.436916500683987
1510,1.2653500912142535
1511,4.986530420045712
1512,5.115822216585442
1513,6.8452199454720475
1514,2.624793509055123
1515,1.7817014406797673
1516,1.877499466834015
1517,1.9314873182459507
1518,1.991974099239008
1519,0.7230759085866129
1520,1.0234023742469218
1521,1.0460675742099341
1522,1.649240163227257
1523,1.4149367558170072
1524,3.1385497184404256
1525,3.1754267994663024
1526,0.7825869907202665
1527,6.207434260645056
1528,4.592072266534083
1529,2.7226003920519406
1530,1.4508280999267273
1531,11.975813076925576
1532,4.269844131480319
1533,8.487736727669523
1534,5.373816173947757
1535,8.895835928947392
1536,2.062087179368173
1537,1.7091761537260224
1538,0.7910017685436123
1539,1.8777786365476783
1540,4.8278277742963756
1541,0.4847647207958493
1542,1.0975779940350012
1543,2.2289049210920546
1544,2.077046919626987
1545,6.17695457364491
1546,7.434331210592936
1547,7.873807033454421
1548,2.0655134765447114
1549,3.003241213784808
1550,3.9983243528214643
1551,0.15320168696640427
1552,3.0539930739815966
1553,4.759266679409985
1554,1.6569264916337783
1555,2.512990832271928
1556,6.206884800899525
1557,7.476689873363637
1558,1.5934261022997622
1559,3.835719962666215
1560,5.141254618119918
1561,9.064632672320727
1562,5.941815849934713
1563,6.065513451567678
1564,7.625170785154376
1565,7.333336295053372
1566,7.6384803949992985
1567,5.780165855613467
1568,8.056509495961736
1569,11.313452346470521
1570,8.487768269919052
1571,7.732945233120324
1572,6.233596447275719
1573,3.3219550303435277
1574,10.286606791960839
1575,17.323210845488138
1576,6.353422311032052
1577,6.204162853875571
1578,7.386215190595146
1579,11.822271428057336
1580,1.9610059529944301
1581,6.3891769281730815
1582,11.61189782506285
1583,11.305709569016965
1584,14.631821935475106
1585,14.00042528535931
1586,23.875466181386876
1587,23.149843069203765
1588,17.53161200297402
1589,16.862595361619725
1590,11.951391267968955
1591,13.068055010374298
1592,6.427088743726233
1593,12.3328885226645
1594,17.26604682619726
1595,8.005935080722793
1596,29.465527767190725
1597,26.37435401669264
1598,24.0580703137132
1599,29.400383553508426
1600,4.317113397177802
1601,8.183085655960951
1602,8.985883307781213
1603,11.380862357254035
1604,8.455892308335349
1605,28.000214885964464
1606,4.282087014095928
1607,21.47640252840302
1608,27.234129928458216
1609,31.279885439827517
1610,23.972664938007146
1611,25.171860272719638
1612,20.866622850773755
1613,23.92690906463456
1614,24.011517840021366
1615,15.38322118108974
1616,4.3509108492465
1617,6.684316330823745
1618,12.859081877922026
1619,15.91221630696275
1620,11.394054139576122
1621,11.422191051634691
1622,12.2194496033527
1623,6.295556885906042
1624,10.414830923638691
1625,22.689659453878086
1626,7.10253768576143
1627,4.185366973713275
1628,5.5945818387543085
1629,5.901855735881116
1630,6.358804247907784
1631,7.799899775185331
1632,7.748227163416119
1633,3.6814647276388
1634,6.180907601785887
1635,8.153574438027176
1636,6.20193958970547
1637,7.62911840717856
1638,3.667795174987526
1639,6.280965292287203
1640,6.293612770119685
1641,12.242122030107302
1642,8.51096893765322
1643,9.967088038269504
1644,7.162589054202048
1645,20.78929179234929
1646,12.19803124215917
1647,16.99326442541831
1648,15.264972510104332
1649,22.06953339566967
1650,14.71616069872922
1651,8.865426638200724
1652,5.8304749782422745
1653,10.176041808160916
1654,17.92717551945857
1655,18.06965745835989
1656,6.1540556501995445
1657,3.7761249969317046
1658,10.637571295485303
1659,17.512549768038884
1660,13.701324453934228
1661,19.42526641319433
1662,22.048161923349607
1663,14.028761607248843
1664,18.829462042521946
1665,18.586949379406846
1666,12.522666447322798
1667,9.980941872787735
1668,7.882709359806982
1669,1.4907207849659179
1670,8.356357356768251
1671,19.33163572548652
1672,13.85442776763971
1673,19.08914783965028
1674,12.942767100201017
1675,22.699384404092115
1676,15.134072609061056
1677,17.718957999238167
1678,24.937052805399635
1679,16.298361869414634
1680,15.703524445201877
1681,3.3870056771036876
1682,10.951767642614993
1683,3.672709023045178
1684,9.276324065070153
1685,1.4042792420775696
1686,7.9154098557237695
1687,13.41452941199301
1688,9.121956306920163
1689,3.883528099063114
1690,6.841448077416936
1691,4.762102140306661
1692,1.239537552387435
1693,3.3183036875313383
1694,13.48028558769285
1695,16.84007289891628
1696,18.344680171137252
1697,5.597524436308867
1698,16.955744629136476
1699,1.450977120439802
1700,5.425102581493328
1701,16.080446378784846
1702,21.87806375931809
1703,26.870935139153246
1704,20.962360762963097
1705,15.68226612431581
1706,21.669579040033597
1707,22.66009541428779
1708,24.025411202446215
1709,25.641395947649624
1710,24.302591697886893
1711,24.507019717612273
1712,17.67357490272009
1713,16.540443457383457
1714,17.570262121032947
1715,7.583365440916415
1716,5.629898533375403
1717,17.479597824371297
1718,9.64408914943899
1719,15.721581987249712
1720,13.505071630441204
1721,2.494486746531532
1722,9.501160566188862
1723,14.363999926343833
1724,20.795207616870464
1725,17.518692985486968
1726,9.193459824518065
1727,14.871914719358902
1728,8.585222295695592
1729,15.417824254936262
1730,15.503549274005964
1731,11.680947574042314
1732,6.1299335649215845
1733,7.373436261079062
1734,7.870617294197909
1735,15.293484209846998
1736,4.38416983819025
1737,23.831680998738832
1738,21.48098481485662
1739,15.160039409639705
1740,18.4069377316757
1741,20.7393570069488
1742,3.6638689197373586
1743,8.661658026340211
1744,5.159524919005244
1745,4.968084550895519
1746,8.268154714954573
1747,10.63055577063563
1748,11.218994494868033
1749,4.77880771639904
1750,8.464756890864232
1751,10.639256969115456
1752,10.795672745376741
1753,8.272854000770009
1754,11.954835610084618
1755,5.626282284718747
1756,11.346692467229962
1757,12.056746869746528
1758,8.197984540258181
1759,5.871997431863065
1760,24.932077695417462
1761,15.490412021771654
1762,8.007727995079586
1763,13.214576119041292
1764,20.299641570492348
1765,20.6954755035473
1766,5.650285929472478
1767,8.562246526287254
1768,5.293205596380078
1769,19.69458710626176
1770,14.013624780612144
1771,11.656197659631868
1772,8.969014607444958
1773,3.0012413901433357
1774,3.445295802018603
1775,4.184294452019684
1776,8.72255711998863
1777,2.8391722168297755
1778,15.090236574688307
1779,16.410138912774546
1780,24.62371518508514
1781,12.882576710196416
1782,6.342856918058184
1783,17.070190136597613
1784,17.91655332963126
1785,20.516710494937087
1786,22.602390165198024
1787,17.291639254810764
1788,7.506735127130082
1789,7.4462876035938645
1790,7.728493283969326
1791,9.740502913717892
1792,3.023082290805566
1793,4.7613245077928115
1794,9.856397049347418
1795,8.194994390425975
1796,11.3349361832611
1797,6.076295163666335
1798,11.940829623000969
1799,8.21694919986234
1800,4.423270503940533
1801,12.606030190212834
1802,11.613587140173724
1803,17.120142102478326
1804,19.77975040359185
1805,9.999611500165901
1806,20.344038286236625
1807,8.00733292170145
1808,23.952937556580245
1809,24.637046546808243
1810,18.917824106554303
1811,22.961218283967213
1812,23.048358926814757
1813,17.440942548661756
1814,15.999733518941758
1815,9.437458542596401
1816,11.591058036083227
1817,18.61789937994882
1818,20.42116480011781
1819,19.208608004914275
1820,18.79045808091539
1821,16.603132753973828
1822,4.732310624051226
1823,21.948613192107665
1824,6.466991748553071
1825,22.743686163232642
1826,18.167847213838154
1827,14.494145218256255
1828,17.419680113814977
1829,26.80914637252313
1830,24.54065021252305
1831,22.101383293092454
1832,18.502822875491788
1833,10.959085591946948
1834,21.014983831931897
1835,16.335010577000826
1836,29.080316272017097
1837,7.4137860936297955
1838,8.287639545024483
1839,6.184704673428112
1840,8.962897529582834
1841,18.269118591863954
1842,20.60062672409034
1843,7.630235015623481
1844,6.3578804880864634
1845,7.975829771161351
1846,11.752085812893911
1847,5.050324989617757
1848,12.199779449626705
1849,22.13091908273156
1850,22.006026952381028
1851,21.833763502330275
1852,27.012296720368912
1853,18.58252954487042
1854,17.86495525488647
1855,11.710928109298694
1856,21.672299177480696
1857,16.722396051119375
1858,11.684035985818863
1859,18.68949783267306
1860,21.308758493158802
1861,20.150068743575847
1862,8.779090571021104
1863,8.140132669666604
1864,5.4371697555116665
1865,6.402912711873894
1866,4.635756799062312
1867,20.46529647558666
1868,18.76467320824454
1869,18.71994440380328
1870,4.763082195433502
1871,19.81555908477297
1872,20.001640179512663
1873,2.7786832947129647
1874,3.405089629571337
1875,6.543182605235079
1876,12.006478675172415
1877,4.499073105696674
1878,10.420148997363023
1879,8.056758091038137
1880,15.273011660923933
1881,14.132517776721615
1882,13.65123278698096
1883,14.72176426522358
1884,6.036495422192288
1885,16.545255026585412
1886,23.436180758798233
1887,25.759029060701057
1888,19.124907953824902
1889,9.528659543575714
1890,5.931759577485868
1891,4.298497283389536
1892,2.5208060148665012
1893,11.527435937276046
1894,14.543427576707717
1895,18.540493508392878
1896,4.574441322495656
1897,3.563123647149017
1898,5.028909554121584
1899,4.159251613027997
1900,19.66755604431112
1901,12.154631376791684
1902,12.54142391325272
1903,8.968069561057249
1904,18.220443954325823
1905,5.3174881639879175
1906,21.783954248646115
1907,8.36678370701995
1908,17.510233599749572
1909,16.196141760073612
1910,18.9768120454655
1911,8.848234892061011
1912,10.611786320397318
1913,9.613625335111974
1914,5.241998772974616
1915,13.984289978701803
1916,7.8913026926819025
1917,6.307844729919995
1918,11.356280103316877
1919,8.137555806356778
1920,9.386492675254933
1921,10.870922331872722
1922,15.434268425420155
1923,4.462027628895045
1924,12.428833492218137
1925,6.758653247212669
1926,5.616885275590574
1927,16.1627006997419
1928,18.843713426044033
1929,12.641995365607611
1930,9.579954443168948
1931,11.88812568605736
1932,26.065853077584514
1933,14.217047099170996
1934,12.154228757850923
1935,27.24195646901906
1936,28.563961857314293
1937,14.957000186586681
1938,15.079614225196384
1939,1.9706358625436748
1940,1.955188816953972
1941,11.567325819081915
1942,18.53317895944109
1943,15.463246025699764
1944,21.565254115589436
1945,1.70005890458635
1946,5.71864162291719
1947,3.585004622223103
1948,4.107312963169482
1949,1.4805676519297006
1950,18.578607082586604
1951,4.7135067444353655
1952,10.329235608690531
1953,16.159820683276674
1954,14.044262778649722
1955,9.801485292628934
1956,13.987467913607473
1957,15.063700241745465
1958,9.641260666523166
1959,14.708565949369094
1960,7.030619090434111
1961,11.398486502408
1962,18.196741835981047
1963,28.541448610551427
1964,2.14009171909966
1965,3.7873509772011413
1966,10.70479103259337
1967,15.4500493770269
1968,17.708417416744663
1969,6.019507718157967
1970,2.8917278172628844
1971,9.844154685517182
1972,10.551326296228792
1973,15.490263901012387
1974,23.83834720179721
1975,26.05771762602262
1976,18.18735608698167
1977,22.244359193687167
1978,10.53361008769368
1979,21.6076295880976
1980,20.947592677914056
1981,21.091211512949
1982,16.584851414657116
1983,17.589488496824448
1984,20.865436534251653
1985,24.38472736689946
1986,23.942491574190626
1987,20.60225529623477
1988,21.638589208586698
1989,25.74137386810661
1990,21.59221599136242
1991,20.65801624907491
1992,18.36045767106356
1993,18.52162226050626
1994,10.844555863953651
1995,26.53289731316703
1996,21.84896097385821
1997,20.961252396112208
1998,26.756576791975473
1999,21.51137615030528
